Metric,Value
Train R²,0.13897680003320767
Test R²,0.03673195315633904
Train RMSE,2.6635944688529314
Test RMSE,2.838487056224103
CV R²,-0.525132408586396
CV Std,0.31802326574037787
