delta_avg_miu,delta_avg_rho,delta_L_net,delta_Lq_net,delta_W_net,delta_Wq_net,delta_throughput,delta_nodes
-0.11139308759835033,-0.04352889279786403,-0.10419335170830635,-0.17408125470934158,-0.09923672800032401,-0.16951328384068137,-0.0055071325198734885,0.0
