delta_avg_miu,delta_avg_rho,delta_L_net,delta_Lq_net,delta_W_net,delta_Wq_net,delta_throughput,delta_nodes
-0.11133861607527858,-0.04366640314184615,-0.10263668657488965,-0.16997297466321915,-0.09862225428222027,-0.1662564034506829,-0.004442971732425693,0.0
