delta_avg_miu,delta_avg_rho,delta_L_net,delta_Lq_net,delta_W_net,delta_Wq_net,delta_throughput,delta_nodes
-0.10983472654098439,-0.04561077104168389,-0.10345954521294676,-0.1699577239784914,-0.09957422177528698,-0.16636019682853792,-0.00431199679262423,0.0
