delta_avg_miu,delta_avg_rho,delta_L_net,delta_Lq_net,delta_W_net,delta_Wq_net,delta_throughput,delta_nodes
-0.11208539169516342,-0.04557756423283099,-0.09885421162703013,-0.1614693077525273,-0.09125810870876268,-0.15440152913459118,-0.008362363524568504,0.0
