avg_miu,avg_rho,L_net,Lq_net,W_net,Wq_net,total_throughput,nodes
655.1105294352795,0.2968250733918415,7.141898031003164,3.283168213250665,0.0035046717945491205,0.0016111092470046126,2037.821,13
