avg_miu,avg_rho,L_net,Lq_net,W_net,Wq_net,total_throughput,nodes
653.5887627498348,0.29671234843970506,7.244628821365607,3.387362282560327,0.003557372378109057,0.0016633181790229451,2036.5019999999997,13
