avg_miu,avg_rho,L_net,Lq_net,W_net,Wq_net,total_throughput
653.8461538461538,0.29727917355886696,7.202456414315005,3.337827158049735,0.0035332110814969065,0.001637392470644233,2038.5015919466546
