avg_miu,avg_rho,L_net,Lq_net,W_net,Wq_net,total_throughput,nodes
654.0386372934213,0.29749240009746286,7.2317187638225695,3.3643151407601897,0.003548766902074325,0.001650944537332565,2037.803,13
