avg_miu,avg_rho,L_net,Lq_net,W_net,Wq_net,total_throughput,nodes
653.7718561727337,0.29756710540945136,7.226077588566518,3.357704625143484,0.0035418622898815326,0.0016457781360204229,2040.1906,13
