avg_miu,avg_rho,L_net,Lq_net,W_net,Wq_net,total_throughput
581.5384615384615,0.20806338957587373,5.883507442644447,2.191326235300947,0.0029033769884967923,0.0010813696129196111,2026.435928215647
