avg_miu,avg_rho,L_net,Lq_net,W_net,Wq_net,total_throughput,nodes
582.2024824190603,0.28392354234997647,6.483528429409553,2.79252379669021,0.003195401199538378,0.00137629307914892,2029.016,13
