avg_miu,avg_rho,L_net,Lq_net,W_net,Wq_net,total_throughput,nodes
580.9461905287483,0.28461433877791265,6.473168344909497,2.773191191055147,0.003190379465205954,0.0013667968797104054,2028.9549999999997,13
