avg_miu,avg_rho,L_net,Lq_net,W_net,Wq_net,total_throughput,nodes
581.6595571327418,0.2836743141845564,6.4265463822992706,2.738779574605094,0.003177073841646582,0.0013539629135349504,2022.7860000000003,13
