avg_miu,avg_rho,L_net,Lq_net,W_net,Wq_net,total_throughput,nodes
581.6822091399004,0.28329650954341007,6.435891331627707,2.753037314621978,0.0031848420749336225,0.0013623515156642207,2020.7800000000002,13
