delta_avg_mu,delta_avg_rho,delta_L_net,delta_Lq_net,delta_W_net,delta_Wq_net,delta_throughput,delta_nodes
-0.1108737620661996,-0.04145443380715708,-0.09415341185578875,-0.15951412403560403,-0.09124609666248006,-0.15681708271297826,-0.0032032506819611333,0.0
