delta_avg_mu,delta_avg_rho,delta_L_net,delta_Lq_net,delta_W_net,delta_Wq_net,delta_throughput,delta_nodes
-0.11058823529411758,-0.04462214548580545,-0.10110885908613568,-0.17093893324504986,-0.09580326393262975,-0.1657808786014978,-0.005918888549645702,0.0
