avg_mu,avg_rho,L_net,Lq_net,W_net,Wq_net,total_throughput,nodes
654.6296114865428,0.2959341655977297,6.969430671443639,3.122307332097951,0.003442060852890476,0.0015416386535829288,2024.2833333333333,13
