avg_mu,avg_rho,L_net,Lq_net,W_net,Wq_net,total_throughput,nodes
653.5872536960667,0.2963911310873267,6.976851874072264,3.123767552367833,0.0034296973873056084,0.0015355598034426587,2034.2177777777777,13
