avg_mu,avg_rho,L_net,Lq_net,W_net,Wq_net,total_throughput,nodes
581.1517691099081,0.28407851033323345,6.303984543192329,2.6109593521952545,0.0031102646623549406,0.0012881992421338861,2026.8377777777778,13
