Metric,Value
Regime 0 R²,0.0002819903248620914
Regime 1 R²,0.026341181203404118
Combined R²,0.00622872634231414
Global R²,0.6311077807193817
Improvement %,-99.01304871646262
