delta_avg_mu,delta_avg_rho,delta_L_net,delta_Lq_net,delta_W_net,delta_Wq_net,delta_throughput,delta_nodes
-0.11011196385633287,-0.04679774835316787,-0.1058177162548704,-0.17861666592529568,-0.09806502059905327,-0.17149662007900698,-0.00859607879122891,0.0
